account_id,account_name,debit,credit
1010,Cash,-9804857.699955378,0.0
1200,Accounts Receivable,31230175.0,0.0
1700,Fixed Assets,750000.0,0.0
2010,Accounts Payable,0.0,20990317.300044622
3000,Common Stock,0.0,600000.0
3500,Retained Earnings,0.0,400000.0
4000,Sales Revenue,0.0,800000.0
5010,Cost of Goods Sold,350000.0,0.0
6000,Salaries and Wages,200000.0,0.0
6100,Rent Expense,50000.0,0.0
6200,Utilities Expense,15000.0,0.0
